{"accuracy": 0.7384251599221219, "loss": 0.2221374780040953, "_timestamp": 1714191298.41805, "_runtime": 0.5146911144256592, "_step": 7, "_wandb": {"runtime": 0}}