{"accuracy": 0.899188407870294, "loss": 0.03259680189154067, "_timestamp": 1714191319.767627, "_runtime": 0.5074570178985596, "_step": 7, "_wandb": {"runtime": 0}}