{"accuracy": 0.9140854996633955, "loss": 0.1284791011820554, "_timestamp": 1714191060.239115, "_runtime": 0.5336620807647705, "_step": 7, "_wandb": {"runtime": 0}}